Model,Accuracy,Precision,Recall,F1
logistic_regression,0.9004739336492891,0.9005907568777998,0.9004739336492891,0.9004630145942372
linear_svm,0.9004739336492891,0.9004808281935099,0.9004739336492891,0.9004725370519924
naive_bayes,0.8801048704245236,0.8802788295768132,0.8801048704245236,0.8800854653904734
